id_movi,w x h,id_frame,size_frame,caption_movi,paths,patterns
1670,"675,785",0,"[675, 785]",a man is walking showing his butt.,/content/images/1670_0.jpg,random
1670,"675,785",1,"[675, 785]",a man is walking showing his butt.,/content/images/1670_1.jpg,random
1670,"675,785",2,"[675, 785]",a man is walking showing his butt.,/content/images/1670_2.jpg,random
1670,"675,785",3,"[675, 785]",a man is walking showing his butt.,/content/images/1670_3.jpg,random
1670,"675,785",4,"[675, 785]",a man is walking showing his butt.,/content/images/1670_4.jpg,random
1670,"675,785",5,"[675, 785]",a man is walking showing his butt.,/content/images/1670_5.jpg,random
1670,"675,785",6,"[675, 785]",a man is walking showing his butt.,/content/images/1670_6.jpg,random
1670,"675,785",7,"[675, 785]",a man is walking showing his butt.,/content/images/1670_7.jpg,random
1670,"675,785",8,"[675, 785]",a man is walking showing his butt.,/content/images/1670_8.jpg,random
1670,"675,785",9,"[675, 785]",a man is walking showing his butt.,/content/images/1670_9.jpg,random
1670,"675,785",10,"[675, 785]",a man is walking showing his butt.,/content/images/1670_10.jpg,random
1670,"675,785",11,"[675, 785]",a man is walking showing his butt.,/content/images/1670_11.jpg,random
1670,"675,785",12,"[675, 785]",a man is walking showing his butt.,/content/images/1670_12.jpg,random
1670,"675,785",13,"[675, 785]",a man is walking showing his butt.,/content/images/1670_13.jpg,random
1670,"675,785",14,"[675, 785]",a man is walking showing his butt.,/content/images/1670_14.jpg,random
1670,"675,785",15,"[675, 785]",a man is walking showing his butt.,/content/images/1670_15.jpg,random
1670,"675,785",16,"[675, 785]",a man is walking showing his butt.,/content/images/1670_16.jpg,random
5194,"795,840",0,"[795, 840]",two young women in sports clothes are dancing in sync,/content/images/5194_0.jpg,random
5194,"795,840",1,"[795, 840]",two young women in sports clothes are dancing in sync,/content/images/5194_1.jpg,random
5194,"795,840",2,"[795, 840]",two young women in sports clothes are dancing in sync,/content/images/5194_2.jpg,random
5194,"795,840",3,"[795, 840]",two young women in sports clothes are dancing in sync,/content/images/5194_3.jpg,random
5194,"795,840",4,"[795, 840]",two young women in sports clothes are dancing in sync,/content/images/5194_4.jpg,random
5194,"795,840",5,"[795, 840]",two young women in sports clothes are dancing in sync,/content/images/5194_5.jpg,random
5194,"795,840",6,"[795, 840]",two young women in sports clothes are dancing in sync,/content/images/5194_6.jpg,random
5194,"795,840",7,"[795, 840]",two young women in sports clothes are dancing in sync,/content/images/5194_7.jpg,random
5194,"795,840",8,"[795, 840]",two young women in sports clothes are dancing in sync,/content/images/5194_8.jpg,random
5194,"795,840",9,"[795, 840]",two young women in sports clothes are dancing in sync,/content/images/5194_9.jpg,random
5194,"795,840",10,"[795, 840]",two young women in sports clothes are dancing in sync,/content/images/5194_10.jpg,random
5194,"795,840",11,"[795, 840]",two young women in sports clothes are dancing in sync,/content/images/5194_11.jpg,random
5194,"795,840",12,"[795, 840]",two young women in sports clothes are dancing in sync,/content/images/5194_12.jpg,random
5194,"795,840",13,"[795, 840]",two young women in sports clothes are dancing in sync,/content/images/5194_13.jpg,random
5194,"795,840",14,"[795, 840]",two young women in sports clothes are dancing in sync,/content/images/5194_14.jpg,random
5194,"795,840",15,"[795, 840]",two young women in sports clothes are dancing in sync,/content/images/5194_15.jpg,random
5194,"795,840",16,"[795, 840]",two young women in sports clothes are dancing in sync,/content/images/5194_16.jpg,random
5194,"795,840",17,"[795, 840]",two young women in sports clothes are dancing in sync,/content/images/5194_17.jpg,random
5194,"795,840",18,"[795, 840]",two young women in sports clothes are dancing in sync,/content/images/5194_18.jpg,random
5194,"795,840",19,"[795, 840]",two young women in sports clothes are dancing in sync,/content/images/5194_19.jpg,random
5194,"795,840",20,"[795, 840]",two young women in sports clothes are dancing in sync,/content/images/5194_20.jpg,random
5194,"795,840",21,"[795, 840]",two young women in sports clothes are dancing in sync,/content/images/5194_21.jpg,random
5194,"795,840",22,"[795, 840]",two young women in sports clothes are dancing in sync,/content/images/5194_22.jpg,random
5194,"795,840",23,"[795, 840]",two young women in sports clothes are dancing in sync,/content/images/5194_23.jpg,random
5194,"795,840",24,"[795, 840]",two young women in sports clothes are dancing in sync,/content/images/5194_24.jpg,random
5194,"795,840",25,"[795, 840]",two young women in sports clothes are dancing in sync,/content/images/5194_25.jpg,random
5194,"795,840",26,"[795, 840]",two young women in sports clothes are dancing in sync,/content/images/5194_26.jpg,random
5194,"795,840",27,"[795, 840]",two young women in sports clothes are dancing in sync,/content/images/5194_27.jpg,random
5194,"795,840",28,"[795, 840]",two young women in sports clothes are dancing in sync,/content/images/5194_28.jpg,random
5194,"795,840",29,"[795, 840]",two young women in sports clothes are dancing in sync,/content/images/5194_29.jpg,random
5194,"795,840",30,"[795, 840]",two young women in sports clothes are dancing in sync,/content/images/5194_30.jpg,random
5194,"795,840",31,"[795, 840]",two young women in sports clothes are dancing in sync,/content/images/5194_31.jpg,random
5194,"795,840",32,"[795, 840]",two young women in sports clothes are dancing in sync,/content/images/5194_32.jpg,random
